{"metadata":{"asset_id":"8ef837ea-2507-4442-863a-c8d3887ff991","asset_attributes":["dashboard"],"name":"Cropyield","asset_type":"dashboard","created_at":"2022-07-22T14:51:44Z","description":"","origin_country":"us","owner_id":"IBMid-665002A25N","project_id":"34086224-8a73-49b6-b7fe-634fbdd5cf44","size":3890,"usage":{"last_update_time":1658552753900,"last_updated_at":"2022-07-23T05:05:53Z"}},"entity":{"dashboard":{"share":{"shared":true,"token":"5d7bd12e629e15e76ad4f2e4079a28067531275fb6bb8b5287867b4906327797f36e45c4c829485e8c435137f6bf445dcd"},"associated_service":{"guid":"d24b4da6-db84-4de1-aa4c-74c5a7100bfe","name":"IBM Cognos Dashboard Embedded-vo","type":"dde","credentials":{"client_id":"8b9d8981-9b1b-49b0-9163-c39905d3a7aa","client_secret":"255e9e8df8c8a5e9d7902b2fdc831dd9d1f9b997","api_endpoint_url":"https://us-south.dynamic-dashboard-embedded.cloud.ibm.com/daas/","api_file_endpoint_url":"https://us-south.dynamic-dashboard-embedded.cloud.ibm.com/daas/"}}},"location_definition":{"physical_location_code":"DAL","physical_location_code_assigned_by":"IBMid-665002A25N","physical_location_code_rds_id":"c57cb90f-2126-3800-9c9f-9eab82021cdf","physical_location_code_rds_version":"00002022-0722-4073-8747-591376000000_2","physical_location_code_assignment_method":"INFERRED","physical_location_code_added_on":"1658479396807"}},"attachments":[{"id":"81d4263c-dbb9-49b0-bed1-69582c593c93","version":2,"asset_type":"dashboard","name":"referenced","description":"referenced","datasource_type":"193a97c1-4475-4a19-b90c-295c4fdc6517","object_key":"dashboard/referenced_8ef837ea-2507-4442-863a-c8d3887ff991","creator_id":"IBMid-665002A25N","create_time":1658501558128,"size":3890,"is_remote":false,"is_managed":false,"is_referenced":true,"is_object_key_read_only":true,"is_user_provided_path_key":true,"transfer_complete":true,"is_partitioned":false,"complete_time_ticks":1658501558128,"user_data":{},"test_doc":0,"handle":{"bucket":"cropyieldestimation-donotdelete-pr-pzcrrx8dmf0et3","location":"us-geo","key":"dashboard/referenced_8ef837ea-2507-4442-863a-c8d3887ff991","upload_id":"done","max_part_num":1},"usage":{"access_count":0,"last_accessor_id":"IBMid-665002A25N","last_access_time":1658501558128}}]}
