{"metadata":{"asset_id":"dedbaf49-ced9-485a-af87-fe1c29ae4b0f","asset_attributes":["data_asset"],"name":"crop_production.csv","asset_type":"data_asset","created_at":"2022-07-22T14:36:38Z","origin_country":"us","owner_id":"IBMid-665002A25N","project_id":"34086224-8a73-49b6-b7fe-634fbdd5cf44","size":15316741,"usage":{"last_update_time":1658500679203,"last_updated_at":"2022-07-22T14:37:59Z"}},"entity":{"data_asset":{"mime_type":"text/csv","dataset":false,"schema":{"etag":"\"1e1a41d88b084bfddc731b6aa3f54904-3\"","valid_since":"Fri, 22 Jul 2022 14:36:37 GMT","fields":[{"name":"State_Name","type":"string","format":"default"},{"name":"District_Name","type":"string","format":"default"},{"name":"Crop_Year","type":"year","format":"default"},{"name":"Season","type":"string","format":"default"},{"name":"Crop","type":"string","format":"default"},{"name":"Area","type":"number","format":"default"},{"name":"Production","type":"number","format":"default"}]}},"location_definition":{"physical_location_code_assignment_method":"INFERRED","physical_location_code":"DAL","physical_location_code_assigned_by":"IBMid-665002A25N","physical_location_code_added_on":"1658479396807","physical_location_code_rds_version":"00002022-0722-4073-8747-591376000000_2","physical_location_code_rds_id":"c57cb90f-2126-3800-9c9f-9eab82021cdf"}},"attachments":[{"id":"319b2d6b-3db8-40cf-ba17-6c5bef43b434","version":2,"asset_type":"data_asset","name":"crop_production.csv","mime":"text/csv","datasource_type":"193a97c1-4475-4a19-b90c-295c4fdc6517","object_key":"crop_production.csv","creator_id":"IBMid-665002A25N","create_time":1658500599860,"size":15316741,"is_remote":false,"is_managed":false,"is_referenced":true,"is_object_key_read_only":true,"is_user_provided_path_key":true,"transfer_complete":true,"is_partitioned":false,"complete_time_ticks":1658500599860,"user_data":{},"test_doc":0,"handle":{"bucket":"cropyieldestimation-donotdelete-pr-pzcrrx8dmf0et3","location":"us-geo","key":"crop_production.csv","upload_id":"done","max_part_num":1},"usage":{"access_count":0,"last_accessor_id":"IBMid-665002A25N","last_access_time":1658500599860}}]}
